interest rate per year,Old profit
0.01,314030.8638342737
0.03,6990906.708526887
0.05,13039536.921046285
0.1,25859811.457749426
0.2,44285486.668209866
